groupId,artifactId,type,classifier,version,used_by
aopalliance,aopalliance,jar,,1.0,build-plugin;dev;test
com.aayushatharva.brotli4j,brotli4j,jar,,1.23.0,dev;prod;test
com.aayushatharva.brotli4j,native-osx-aarch64,jar,,1.23.0,dev;prod;test
com.aayushatharva.brotli4j,service,jar,,1.23.0,dev;prod;test
com.ethlo.time,itu,jar,,1.14.0,build-plugin;dev
com.fasterxml.jackson.core,jackson-annotations,jar,,2.22,build-plugin;dev;prod;test
com.fasterxml.jackson.core,jackson-core,jar,,2.22.2,build-plugin;dev;prod;test
com.fasterxml.jackson.core,jackson-databind,jar,,2.22.2,build-plugin;dev;prod;test
com.fasterxml.jackson.dataformat,jackson-dataformat-xml,jar,,2.22.2,build-plugin
com.fasterxml.jackson.dataformat,jackson-dataformat-yaml,jar,,2.22.2,build-plugin;dev
com.fasterxml.jackson.datatype,jackson-datatype-jdk8,jar,,2.22.2,build-plugin;dev;prod;test
com.fasterxml.jackson.datatype,jackson-datatype-jsr310,jar,,2.22.2,dev;prod;test
com.fasterxml.jackson.module,jackson-module-parameter-names,jar,,2.22.2,dev;prod;test
com.fasterxml.woodstox,woodstox-core,jar,,7.2.0,build-plugin
com.github.ben-manes.caffeine,caffeine,jar,,3.2.4,dev;prod;test
com.github.ben-manes.caffeine,jcache,jar,,3.2.4,dev;prod;test
com.github.docker-java,docker-java-api,jar,,3.7.1,dev;prod;test
com.github.docker-java,docker-java-transport,jar,,3.7.1,dev;prod;test
com.github.docker-java,docker-java-transport-zerodep,jar,,3.7.1,dev;prod;test
com.github.package-url,packageurl-java,jar,,1.5.0,build-plugin
com.google.code.gson,gson,jar,,2.14.0,dev;test
com.google.errorprone,error_prone_annotations,jar,,2.49.0,dev;prod;test
com.google.guava,failureaccess,jar,,1.0.1,build-plugin;dev;test
com.google.guava,guava,jar,,33.6.0-jre,build-plugin;dev;test
com.google.inject,guice,jar,classes,5.1.0,build-plugin;dev;test
com.networknt,json-schema-validator,jar,,2.0.1,build-plugin;dev
com.sun.istack,istack-commons-runtime,jar,,4.1.2,dev;prod;test
com.thoughtworks.qdox,qdox,jar,,2.2.0,build-plugin
com.typesafe,config,jar,,1.4.7,dev;prod;test
commons-cli,commons-cli,jar,,1.11.0,build-plugin;dev;test
commons-codec,commons-codec,jar,,1.22.1,build-plugin;dev;prod;test
commons-io,commons-io,jar,,2.11.0,build-plugin
commons-io,commons-io,jar,,2.22.0,build-plugin;dev;prod;test
commons-io,commons-io,jar,,2.6,build-plugin
io.agroal,agroal-api,jar,,3.2.1,dev;prod;test
io.agroal,agroal-narayana,jar,,3.2.1,dev;prod;test
io.agroal,agroal-pool,jar,,3.2.1,dev;prod;test
io.fabric8,maven-model-helper,jar,,41,build-plugin;dev
io.mvnpm,importmap,jar,,1.0.11,dev
io.netty,netty-buffer,jar,,4.1.138.Final,dev;prod;test
io.netty,netty-codec,jar,,4.1.138.Final,dev;prod;test
io.netty,netty-codec-dns,jar,,4.1.138.Final,dev;prod;test
io.netty,netty-codec-haproxy,jar,,4.1.138.Final,dev;prod;test
io.netty,netty-codec-http,jar,,4.1.138.Final,dev;prod;test
io.netty,netty-codec-http2,jar,,4.1.138.Final,dev;prod;test
io.netty,netty-codec-socks,jar,,4.1.138.Final,dev;prod;test
io.netty,netty-common,jar,,4.1.138.Final,dev;prod;test
io.netty,netty-handler,jar,,4.1.138.Final,dev;prod;test
io.netty,netty-handler-proxy,jar,,4.1.138.Final,dev;prod;test
io.netty,netty-resolver,jar,,4.1.138.Final,dev;prod;test
io.netty,netty-resolver-dns,jar,,4.1.138.Final,dev;prod;test
io.netty,netty-tcnative-classes,jar,,2.0.84.Final,dev;prod;test
io.netty,netty-transport,jar,,4.1.138.Final,dev;prod;test
io.netty,netty-transport-native-unix-common,jar,,4.1.138.Final,dev;prod;test
io.quarkus,quarkus-agent-mcp,jar,runner,1.0.10,mcp
io.quarkus,quarkus-agroal,jar,,3.39.5,dev;prod;test
io.quarkus,quarkus-agroal-deployment,jar,,3.39.5,dev;prod;test
io.quarkus,quarkus-agroal-dev,jar,,3.39.5,dev;prod;test
io.quarkus,quarkus-agroal-spi,jar,,3.39.5,dev;prod;test
io.quarkus,quarkus-analytics-common,jar,,3.39.5,build-plugin
io.quarkus,quarkus-arc,jar,,3.39.5,dev;prod;test
io.quarkus,quarkus-arc-deployment,jar,,3.39.5,dev;prod;test
io.quarkus,quarkus-arc-dev,jar,,3.39.5,dev;prod;test
io.quarkus,quarkus-arc-test-supplement,jar,,3.39.5,dev;prod;test
io.quarkus,quarkus-arc-test-supplement-decorator,jar,,3.39.5,dev;prod;test
io.quarkus,quarkus-assistant-deployment-spi,jar,,3.39.5,dev;prod;test
io.quarkus,quarkus-assistant-dev,jar,,3.39.5,dev;prod;test
io.quarkus,quarkus-bom,pom,,3.39.5,platform
io.quarkus,quarkus-bom-quarkus-platform-descriptor,json,3.39.5,3.39.5,scaffolding
io.quarkus,quarkus-bom-quarkus-platform-properties,properties,,3.39.5,scaffolding
io.quarkus,quarkus-bootstrap-app-model,jar,,3.39.5,build-plugin;dev;prod;test
io.quarkus,quarkus-bootstrap-core,jar,,3.39.5,build-plugin;dev;prod;test
io.quarkus,quarkus-bootstrap-gradle-resolver,jar,,3.39.5,test
io.quarkus,quarkus-bootstrap-json,jar,,3.39.5,build-plugin;dev;prod;test
io.quarkus,quarkus-bootstrap-maven-resolver,jar,,3.39.5,build-plugin;dev;test
io.quarkus,quarkus-bootstrap-maven4-resolver,jar,,3.39.5,build-plugin;dev;test
io.quarkus,quarkus-bootstrap-runner,jar,,3.39.5,build-plugin;dev;prod;test
io.quarkus,quarkus-builder,jar,,3.39.5,build-plugin;dev;prod;test
io.quarkus,quarkus-cache-deployment-spi,jar,,3.39.5,dev;prod;test
io.quarkus,quarkus-caffeine,jar,,3.39.5,dev;prod;test
io.quarkus,quarkus-caffeine-deployment,jar,,3.39.5,dev;prod;test
io.quarkus,quarkus-class-change-agent,jar,,3.39.5,build-plugin;dev;prod;test
io.quarkus,quarkus-classloader-commons,jar,,3.39.5,build-plugin;dev;prod;test
io.quarkus,quarkus-container-image,jar,,3.39.5,dev;prod;test
io.quarkus,quarkus-container-image-deployment,jar,,3.39.5,dev;prod;test
io.quarkus,quarkus-container-image-dev,jar,,3.39.5,dev;prod;test
io.quarkus,quarkus-container-image-docker-common,jar,,3.39.5,dev;prod;test
io.quarkus,quarkus-container-image-docker-common-deployment,jar,,3.39.5,dev;prod;test
io.quarkus,quarkus-container-image-podman,jar,,3.39.5,dev;prod;test
io.quarkus,quarkus-container-image-podman-deployment,jar,,3.39.5,dev;prod;test
io.quarkus,quarkus-container-image-spi,jar,,3.39.5,dev;prod;test
io.quarkus,quarkus-container-image-util,jar,,3.39.5,dev;prod;test
io.quarkus,quarkus-core,jar,,3.39.5,build-plugin;dev;prod;test
io.quarkus,quarkus-core-deployment,jar,,3.39.5,build-plugin;dev;prod;test
io.quarkus,quarkus-credentials,jar,,3.39.5,dev;prod;test
io.quarkus,quarkus-credentials-deployment,jar,,3.39.5,dev;prod;test
io.quarkus,quarkus-cyclonedx-generator,jar,,3.39.5,build-plugin
io.quarkus,quarkus-datasource,jar,,3.39.5,dev;prod;test
io.quarkus,quarkus-datasource-common,jar,,3.39.5,dev;prod;test
io.quarkus,quarkus-datasource-deployment,jar,,3.39.5,dev;prod;test
io.quarkus,quarkus-datasource-deployment-spi,jar,,3.39.5,dev;prod;test
io.quarkus,quarkus-datasource-dev,jar,,3.39.5,dev;prod;test
io.quarkus,quarkus-development-mode-spi,jar,,3.39.5,build-plugin;dev;prod;test
io.quarkus,quarkus-devservices,jar,,3.39.5,dev;prod;test
io.quarkus,quarkus-devservices-common,jar,,3.39.5,dev;prod;test
io.quarkus,quarkus-devservices-deployment,jar,,3.39.5,dev;prod;test
io.quarkus,quarkus-devservices-postgresql,jar,,3.39.5,dev;prod;test
io.quarkus,quarkus-devtools-base-codestarts,jar,,3.39.5,build-plugin;dev
io.quarkus,quarkus-devtools-codestarts,jar,,3.39.5,build-plugin;dev
io.quarkus,quarkus-devtools-common,jar,,3.39.5,build-plugin;dev
io.quarkus,quarkus-devtools-message-writer,jar,,3.39.5,build-plugin;dev
io.quarkus,quarkus-devtools-registry-client,jar,,3.39.5,build-plugin;dev
io.quarkus,quarkus-devui,jar,,3.39.5,dev
io.quarkus,quarkus-devui-deployment,jar,,3.39.5,dev
io.quarkus,quarkus-devui-deployment-spi,jar,,3.39.5,dev;prod;test
io.quarkus,quarkus-devui-resources,jar,,3.39.5,dev
io.quarkus,quarkus-devui-spi,jar,,3.39.5,dev
io.quarkus,quarkus-fs-util,jar,,1.4.2,build-plugin;dev;prod;test
io.quarkus,quarkus-hibernate-orm,jar,,3.39.5,dev;prod;test
io.quarkus,quarkus-hibernate-orm-deployment,jar,,3.39.5,dev;prod;test
io.quarkus,quarkus-hibernate-orm-deployment-spi,jar,,3.39.5,dev;prod;test
io.quarkus,quarkus-hibernate-orm-dev,jar,,3.39.5,dev;prod;test
io.quarkus,quarkus-hibernate-orm-panache,jar,,3.39.5,dev;prod;test
io.quarkus,quarkus-hibernate-orm-panache-common,jar,,3.39.5,dev;prod;test
io.quarkus,quarkus-hibernate-orm-panache-common-deployment,jar,,3.39.5,dev;prod;test
io.quarkus,quarkus-hibernate-orm-panache-deployment,jar,,3.39.5,dev;prod;test
io.quarkus,quarkus-hibernate-validator-spi,jar,,3.39.5,build-plugin;dev;prod;test
io.quarkus,quarkus-jackson,jar,,3.39.5,dev;prod;test
io.quarkus,quarkus-jackson-deployment,jar,,3.39.5,dev;prod;test
io.quarkus,quarkus-jackson-spi,jar,,3.39.5,dev;prod;test
io.quarkus,quarkus-jaxrs-spi-deployment,jar,,3.39.5,dev;prod;test
io.quarkus,quarkus-jdbc-postgresql,jar,,3.39.5,dev;prod;test
io.quarkus,quarkus-jdbc-postgresql-deployment,jar,,3.39.5,dev;prod;test
io.quarkus,quarkus-jsonp,jar,,3.39.5,dev;prod;test
io.quarkus,quarkus-jsonp-deployment,jar,,3.39.5,dev;prod;test
io.quarkus,quarkus-junit,jar,,3.39.5,test
io.quarkus,quarkus-junit-common,jar,,3.39.5,test
io.quarkus,quarkus-junit-config,jar,,3.39.5,test
io.quarkus,quarkus-kubernetes-service-binding-spi,jar,,3.39.5,dev;prod;test
io.quarkus,quarkus-kubernetes-spi,jar,,3.39.5,dev;prod;test
io.quarkus,quarkus-maven-plugin,jar,,3.39.5,build-plugin
io.quarkus,quarkus-mutiny,jar,,3.39.5,dev;prod;test
io.quarkus,quarkus-mutiny-deployment,jar,,3.39.5,dev;prod;test
io.quarkus,quarkus-narayana-jta,jar,,3.39.5,dev;prod;test
io.quarkus,quarkus-narayana-jta-deployment,jar,,3.39.5,dev;prod;test
io.quarkus,quarkus-netty,jar,,3.39.5,dev;prod;test
io.quarkus,quarkus-netty-deployment,jar,,3.39.5,dev;prod;test
io.quarkus,quarkus-panache-common,jar,,3.39.5,dev;prod;test
io.quarkus,quarkus-panache-common-deployment,jar,,3.39.5,dev;prod;test
io.quarkus,quarkus-panache-hibernate-common,jar,,3.39.5,dev;prod;test
io.quarkus,quarkus-panache-hibernate-common-deployment,jar,,3.39.5,dev;prod;test
io.quarkus,quarkus-project-core-extension-codestarts,jar,,3.39.5,build-plugin
io.quarkus,quarkus-qute,jar,,3.39.5,dev;prod;test
io.quarkus,quarkus-qute-deployment,jar,,3.39.5,dev;prod;test
io.quarkus,quarkus-reactive-datasource-spi,jar,,3.39.5,dev;prod;test
io.quarkus,quarkus-rest,jar,,3.39.5,dev;prod;test
io.quarkus,quarkus-rest-common,jar,,3.39.5,dev;prod;test
io.quarkus,quarkus-rest-common-deployment,jar,,3.39.5,dev;prod;test
io.quarkus,quarkus-rest-deployment,jar,,3.39.5,dev;prod;test
io.quarkus,quarkus-rest-dev,jar,,3.39.5,dev;prod;test
io.quarkus,quarkus-rest-jackson,jar,,3.39.5,dev;prod;test
io.quarkus,quarkus-rest-jackson-common,jar,,3.39.5,dev;prod;test
io.quarkus,quarkus-rest-jackson-common-deployment,jar,,3.39.5,dev;prod;test
io.quarkus,quarkus-rest-jackson-deployment,jar,,3.39.5,dev;prod;test
io.quarkus,quarkus-rest-qute,jar,,3.39.5,dev;prod;test
io.quarkus,quarkus-rest-qute-deployment,jar,,3.39.5,dev;prod;test
io.quarkus,quarkus-rest-server-spi-deployment,jar,,3.39.5,dev;prod;test
io.quarkus,quarkus-rest-spi-deployment,jar,,3.39.5,dev;prod;test
io.quarkus,quarkus-security-runtime-spi,jar,,3.39.5,dev;prod;test
io.quarkus,quarkus-security-spi,jar,,3.39.5,dev;prod;test
io.quarkus,quarkus-smallrye-context-propagation,jar,,3.39.5,dev;prod;test
io.quarkus,quarkus-smallrye-context-propagation-deployment,jar,,3.39.5,dev;prod;test
io.quarkus,quarkus-smallrye-context-propagation-spi,jar,,3.39.5,dev;prod;test
io.quarkus,quarkus-smallrye-health-spi,jar,,3.39.5,dev;prod;test
io.quarkus,quarkus-test-common,jar,,3.39.5,test
io.quarkus,quarkus-tls-registry,jar,,3.39.5,dev;prod;test
io.quarkus,quarkus-tls-registry-deployment,jar,,3.39.5,dev;prod;test
io.quarkus,quarkus-tls-registry-deployment-spi,jar,,3.39.5,dev;prod;test
io.quarkus,quarkus-tls-registry-spi,jar,,3.39.5,dev;prod;test
io.quarkus,quarkus-transaction-annotations,jar,,3.39.5,dev;prod;test
io.quarkus,quarkus-value-registry,jar,,3.39.5,build-plugin;dev;prod;test
io.quarkus,quarkus-vertx,jar,,3.39.5,dev;prod;test
io.quarkus,quarkus-vertx-deployment,jar,,3.39.5,dev;prod;test
io.quarkus,quarkus-vertx-deployment-spi,jar,,3.39.5,dev;prod;test
io.quarkus,quarkus-vertx-http,jar,,3.39.5,dev;prod;test
io.quarkus,quarkus-vertx-http-deployment,jar,,3.39.5,dev;prod;test
io.quarkus,quarkus-vertx-http-deployment-spi,jar,,3.39.5,dev;prod;test
io.quarkus,quarkus-vertx-latebound-mdc-provider,jar,,3.39.5,dev;prod;test
io.quarkus,quarkus-virtual-threads,jar,,3.39.5,dev;prod;test
io.quarkus,quarkus-virtual-threads-deployment,jar,,3.39.5,dev;prod;test
io.quarkus.arc,arc,jar,,3.39.5,dev;prod;test
io.quarkus.arc,arc-processor,jar,,3.39.5,dev;prod;test
io.quarkus.gizmo,gizmo,jar,,1.10.1,build-plugin;dev;prod;test
io.quarkus.gizmo,gizmo2,jar,,2.1.1,build-plugin;dev;prod;test
io.quarkus.qute,qute-core,jar,,3.39.5,build-plugin;dev;prod;test
io.quarkus.qute,qute-debug,jar,,3.39.5,dev
io.quarkus.qute,qute-generator,jar,,3.39.5,dev;prod;test
io.quarkus.resteasy.reactive,resteasy-reactive,jar,,3.39.5,dev;prod;test
io.quarkus.resteasy.reactive,resteasy-reactive-common,jar,,3.39.5,dev;prod;test
io.quarkus.resteasy.reactive,resteasy-reactive-common-processor,jar,,3.39.5,dev;prod;test
io.quarkus.resteasy.reactive,resteasy-reactive-common-types,jar,,3.39.5,dev;prod;test
io.quarkus.resteasy.reactive,resteasy-reactive-jackson,jar,,3.39.5,dev;prod;test
io.quarkus.resteasy.reactive,resteasy-reactive-processor,jar,,3.39.5,dev;prod;test
io.quarkus.resteasy.reactive,resteasy-reactive-vertx,jar,,3.39.5,dev;prod;test
io.quarkus.security,quarkus-security,jar,,2.3.2,dev;prod;test
io.quarkus.vertx.utils,quarkus-vertx-utils,jar,,3.39.5,dev;prod;test
io.rest-assured,json-path,jar,,6.0.1,test
io.rest-assured,rest-assured,jar,,6.0.1,test
io.rest-assured,rest-assured-common,jar,,6.0.1,test
io.rest-assured,xml-path,jar,,6.0.1,test
io.smallrye,jandex,jar,,3.6.0,build-plugin;dev;prod;test
io.smallrye,jandex-gizmo2,jar,,3.6.0,build-plugin;dev;prod;test
io.smallrye,smallrye-context-propagation,jar,,2.3.0,dev;prod;test
io.smallrye,smallrye-context-propagation-api,jar,,2.3.0,dev;prod;test
io.smallrye,smallrye-context-propagation-jta,jar,,2.3.0,dev;prod;test
io.smallrye,smallrye-context-propagation-storage,jar,,2.3.0,dev;prod;test
io.smallrye,smallrye-fault-tolerance-vertx,jar,,6.11.4,dev;prod;test
io.smallrye.beanbag,smallrye-beanbag,jar,,1.6.1,build-plugin;dev;test
io.smallrye.beanbag,smallrye-beanbag-maven,jar,,1.6.1,build-plugin;dev;test
io.smallrye.beanbag,smallrye-beanbag-sisu,jar,,1.6.1,build-plugin;dev;test
io.smallrye.certs,smallrye-private-key-pem-parser,jar,,0.9.4,dev;prod;test
io.smallrye.classfile,jdk-classfile-backport,jar,,26,build-plugin;dev;prod;test
io.smallrye.common,smallrye-common-annotation,jar,,2.19.0,build-plugin;dev;prod;test
io.smallrye.common,smallrye-common-classloader,jar,,2.19.0,build-plugin;dev;prod;test
io.smallrye.common,smallrye-common-constraint,jar,,2.19.0,build-plugin;dev;prod;test
io.smallrye.common,smallrye-common-cpu,jar,,2.19.0,build-plugin;dev;prod;test
io.smallrye.common,smallrye-common-expression,jar,,2.19.0,build-plugin;dev;prod;test
io.smallrye.common,smallrye-common-function,jar,,2.19.0,build-plugin;dev;prod;test
io.smallrye.common,smallrye-common-io,jar,,2.19.0,build-plugin;dev;prod;test
io.smallrye.common,smallrye-common-net,jar,,2.19.0,build-plugin;dev;prod;test
io.smallrye.common,smallrye-common-os,jar,,2.19.0,build-plugin;dev;prod;test
io.smallrye.common,smallrye-common-process,jar,,2.19.0,build-plugin;dev;prod;test
io.smallrye.common,smallrye-common-ref,jar,,2.19.0,build-plugin;dev;prod;test
io.smallrye.common,smallrye-common-resource,jar,,2.19.0,build-plugin;dev;prod;test
io.smallrye.common,smallrye-common-search,jar,,2.19.0,build-plugin;dev;prod;test
io.smallrye.common,smallrye-common-version,jar,,2.19.0,build-plugin;dev
io.smallrye.common,smallrye-common-vertx-context,jar,,2.19.0,dev;prod;test
io.smallrye.config,smallrye-config,jar,,3.17.2,build-plugin;dev;prod;test
io.smallrye.config,smallrye-config-common,jar,,3.17.2,build-plugin;dev;prod;test
io.smallrye.config,smallrye-config-core,jar,,3.17.2,build-plugin;dev;prod;test
io.smallrye.reactive,mutiny,jar,,3.3.0,build-plugin;dev;prod;test
io.smallrye.reactive,mutiny-smallrye-context-propagation,jar,,3.3.0,dev;prod;test
io.smallrye.reactive,mutiny-zero-flow-adapters,jar,,1.2.1,dev;prod;test
io.smallrye.reactive,smallrye-mutiny-vertx-auth-common,jar,,3.23.1,dev;prod;test
io.smallrye.reactive,smallrye-mutiny-vertx-bridge-common,jar,,3.23.1,dev;prod;test
io.smallrye.reactive,smallrye-mutiny-vertx-core,jar,,3.23.1,dev;prod;test
io.smallrye.reactive,smallrye-mutiny-vertx-runtime,jar,,3.23.1,dev;prod;test
io.smallrye.reactive,smallrye-mutiny-vertx-uri-template,jar,,3.23.1,dev;prod;test
io.smallrye.reactive,smallrye-mutiny-vertx-web,jar,,3.23.1,dev;prod;test
io.smallrye.reactive,smallrye-mutiny-vertx-web-common,jar,,3.23.1,dev;prod;test
io.smallrye.reactive,smallrye-reactive-converter-api,jar,,3.0.3,dev;prod;test
io.smallrye.reactive,smallrye-reactive-converter-mutiny,jar,,3.0.3,dev;prod;test
io.vertx,vertx-auth-common,jar,,4.5.34,dev;prod;test
io.vertx,vertx-bridge-common,jar,,4.5.34,dev;prod;test
io.vertx,vertx-core,jar,,4.5.34,dev;prod;test
io.vertx,vertx-uri-template,jar,,4.5.34,dev;prod;test
io.vertx,vertx-web,jar,,4.5.34,dev;prod;test
io.vertx,vertx-web-common,jar,,4.5.34,dev;prod;test
jakarta.activation,jakarta.activation-api,jar,,2.1.4,dev;prod;test
jakarta.annotation,jakarta.annotation-api,jar,,3.0.0,build-plugin;dev;prod;test
jakarta.el,jakarta.el-api,jar,,6.0.1,build-plugin;dev;prod;test
jakarta.enterprise,jakarta.enterprise.cdi-api,jar,,4.1.0,build-plugin;dev;prod;test
jakarta.enterprise,jakarta.enterprise.lang-model,jar,,4.1.0,build-plugin;dev;prod;test
jakarta.inject,jakarta.inject-api,jar,,2.0.1,build-plugin;dev;prod;test
jakarta.interceptor,jakarta.interceptor-api,jar,,2.2.0,build-plugin;dev;prod;test
jakarta.json,jakarta.json-api,jar,,2.1.3,build-plugin;dev;prod;test
jakarta.persistence,jakarta.persistence-api,jar,,3.2.0,dev;prod;test
jakarta.resource,jakarta.resource-api,jar,,2.1.0,dev;prod;test
jakarta.transaction,jakarta.transaction-api,jar,,2.0.1,dev;prod;test
jakarta.validation,jakarta.validation-api,jar,,3.1.1,dev;prod;test
jakarta.ws.rs,jakarta.ws.rs-api,jar,,3.1.0,dev;prod;test
jakarta.xml.bind,jakarta.xml.bind-api,jar,,4.0.5,dev;prod;test
javax.annotation,javax.annotation-api,jar,,1.3.2,build-plugin
javax.cache,cache-api,jar,,1.1.1,dev;prod;test
javax.inject,javax.inject,jar,,1,build-plugin;dev;test
net.bytebuddy,byte-buddy,jar,,1.18.8,dev;prod;test
net.bytebuddy,byte-buddy-agent,jar,,1.18.8,build-plugin;dev;prod;test
net.java.dev.jna,jna,jar,,5.8.0,dev;prod;test
org.aesh,aesh,jar,,3.18.1,build-plugin;dev;prod;test
org.aesh,readline,jar,,3.18.1,build-plugin;dev;prod;test
org.aesh,readline-api,jar,,3.18.1,build-plugin;dev;prod;test
org.aesh,terminal-api,jar,,3.18.1,build-plugin;dev;prod;test
org.aesh,terminal-detect,jar,,3.18.1,build-plugin;dev;prod;test
org.aesh,terminal-tty,jar,,3.18.1,build-plugin;dev;prod;test
org.antlr,antlr4-runtime,jar,,4.13.2,dev;prod;test
org.apache.commons,commons-collections4,jar,,4.5.0,build-plugin
org.apache.commons,commons-compress,jar,,1.28.0,build-plugin;dev;prod;test
org.apache.commons,commons-lang3,jar,,3.20.0,build-plugin;dev;prod;test
org.apache.groovy,groovy,jar,,5.0.3,test
org.apache.groovy,groovy-json,jar,,5.0.3,test
org.apache.groovy,groovy-xml,jar,,5.0.3,test
org.apache.httpcomponents,httpclient,jar,,4.5.14,dev;test
org.apache.httpcomponents,httpcore,jar,,4.4.16,dev;test
org.apache.httpcomponents,httpmime,jar,,4.5.14,test
org.apache.maven,maven-api-meta,jar,,4.0.0-alpha-7,build-plugin;dev;test
org.apache.maven,maven-api-xml,jar,,4.0.0-alpha-7,build-plugin;dev;test
org.apache.maven,maven-artifact,jar,,3.9.16,build-plugin;dev;test
org.apache.maven,maven-builder-support,jar,,3.9.16,build-plugin;dev;test
org.apache.maven,maven-core,jar,,3.9.16,build-plugin;dev;test
org.apache.maven,maven-embedder,jar,,3.9.16,build-plugin;dev;test
org.apache.maven,maven-model,jar,,3.9.16,build-plugin;dev;test
org.apache.maven,maven-model-builder,jar,,3.9.16,build-plugin;dev;test
org.apache.maven,maven-plugin-api,jar,,3.9.16,build-plugin;dev;test
org.apache.maven,maven-repository-metadata,jar,,3.9.16,build-plugin;dev;test
org.apache.maven,maven-resolver-provider,jar,,3.9.16,build-plugin;dev;test
org.apache.maven,maven-settings,jar,,3.9.16,build-plugin;dev;test
org.apache.maven,maven-settings-builder,jar,,3.9.16,build-plugin;dev;test
org.apache.maven,maven-xml-impl,jar,,4.0.0-alpha-7,build-plugin;dev;test
org.apache.maven.plugins,maven-clean-plugin,jar,,3.2.0,build-plugin
org.apache.maven.plugins,maven-compiler-plugin,jar,,3.15.0,build-plugin
org.apache.maven.plugins,maven-failsafe-plugin,jar,,3.5.6,build-plugin
org.apache.maven.plugins,maven-resources-plugin,jar,,3.5.0,build-plugin
org.apache.maven.plugins,maven-surefire-plugin,jar,,3.5.6,build-plugin
org.apache.maven.resolver,maven-resolver-api,jar,,1.4.1,build-plugin
org.apache.maven.resolver,maven-resolver-api,jar,,1.9.27,build-plugin;dev;test
org.apache.maven.resolver,maven-resolver-connector-basic,jar,,1.9.27,test
org.apache.maven.resolver,maven-resolver-impl,jar,,1.9.27,build-plugin;dev;test
org.apache.maven.resolver,maven-resolver-named-locks,jar,,1.9.27,build-plugin;dev;test
org.apache.maven.resolver,maven-resolver-spi,jar,,1.9.27,build-plugin;dev;test
org.apache.maven.resolver,maven-resolver-transport-file,jar,,1.9.27,dev;test
org.apache.maven.resolver,maven-resolver-transport-http,jar,,1.9.27,dev;test
org.apache.maven.resolver,maven-resolver-util,jar,,1.4.1,build-plugin
org.apache.maven.resolver,maven-resolver-util,jar,,1.9.27,build-plugin;dev;test
org.apache.maven.shared,maven-common-artifact-filters,jar,,3.4.0,build-plugin
org.apache.maven.shared,maven-filtering,jar,,3.5.0,build-plugin
org.apache.maven.shared,maven-shared-incremental,jar,,1.1,build-plugin
org.apache.maven.shared,maven-shared-utils,jar,,3.3.4,build-plugin
org.apache.maven.shared,maven-shared-utils,jar,,3.4.2,build-plugin;dev;test
org.apache.maven.surefire,common-java5,jar,,3.5.6,test-provider
org.apache.maven.surefire,maven-surefire-common,jar,,3.5.6,build-plugin
org.apache.maven.surefire,surefire-api,jar,,3.5.6,build-plugin
org.apache.maven.surefire,surefire-booter,jar,,3.5.6,build-plugin
org.apache.maven.surefire,surefire-extensions-api,jar,,3.5.6,build-plugin
org.apache.maven.surefire,surefire-extensions-spi,jar,,3.5.6,build-plugin
org.apache.maven.surefire,surefire-junit-platform,jar,,3.5.6,test-provider
org.apache.maven.surefire,surefire-logger-api,jar,,3.5.6,build-plugin
org.apache.maven.surefire,surefire-shared-utils,jar,,3.5.6,build-plugin
org.apiguardian,apiguardian-api,jar,,1.1.2,build-plugin;dev;prod;test
org.ccil.cowan.tagsoup,tagsoup,jar,,1.2.1,test
org.codehaus.plexus,plexus-build-api,jar,,1.2.0,build-plugin
org.codehaus.plexus,plexus-cipher,jar,,2.0,build-plugin;dev;test
org.codehaus.plexus,plexus-classworlds,jar,,2.6.0,build-plugin;dev;test
org.codehaus.plexus,plexus-compiler-api,jar,,2.16.2,build-plugin
org.codehaus.plexus,plexus-compiler-javac,jar,,2.16.2,build-plugin
org.codehaus.plexus,plexus-compiler-manager,jar,,2.16.2,build-plugin
org.codehaus.plexus,plexus-component-annotations,jar,,2.1.0,build-plugin;dev;test
org.codehaus.plexus,plexus-interpolation,jar,,1.26,build-plugin;dev;test
org.codehaus.plexus,plexus-interpolation,jar,,1.29,build-plugin
org.codehaus.plexus,plexus-java,jar,,1.5.2,build-plugin
org.codehaus.plexus,plexus-sec-dispatcher,jar,,2.0,build-plugin;dev;test
org.codehaus.plexus,plexus-utils,jar,,3.6.0,build-plugin
org.codehaus.plexus,plexus-utils,jar,,3.6.1,build-plugin;dev;test
org.codehaus.plexus,plexus-utils,jar,,4.0.2,build-plugin
org.codehaus.plexus,plexus-xml,jar,,3.0.1,build-plugin
org.codehaus.plexus,plexus-xml,jar,,4.0.2,build-plugin;dev;test
org.codehaus.woodstox,stax2-api,jar,,4.3.0,build-plugin
org.codejive,java-properties,jar,,0.0.7,build-plugin;dev
org.crac,crac,jar,,1.5.0,build-plugin;dev;prod;test
org.cyclonedx,cyclonedx-core-java,jar,,12.2.0,build-plugin
org.eclipse.angus,angus-activation,jar,,2.0.3,dev;prod;test
org.eclipse.lsp4j,org.eclipse.lsp4j.debug,jar,,0.24.0,dev
org.eclipse.lsp4j,org.eclipse.lsp4j.jsonrpc,jar,,0.24.0,dev
org.eclipse.lsp4j,org.eclipse.lsp4j.jsonrpc.debug,jar,,0.24.0,dev
org.eclipse.microprofile.config,microprofile-config-api,jar,,3.1.1,build-plugin;dev;prod;test
org.eclipse.microprofile.context-propagation,microprofile-context-propagation-api,jar,,1.3,dev;prod;test
org.eclipse.parsson,parsson,jar,,1.1.9,build-plugin;dev;prod;test
org.eclipse.sisu,org.eclipse.sisu.inject,jar,,1.0.1,build-plugin;dev;prod;test
org.eclipse.sisu,org.eclipse.sisu.plexus,jar,,0.9.0.M4,build-plugin
org.eclipse.sisu,org.eclipse.sisu.plexus,jar,,1.0.1,build-plugin;dev;test
org.freemarker,freemarker,jar,,2.3.35,build-plugin
org.glassfish.jaxb,jaxb-core,jar,,4.0.9,dev;prod;test
org.glassfish.jaxb,jaxb-runtime,jar,,4.0.9,dev;prod;test
org.glassfish.jaxb,txw2,jar,,4.0.9,dev;prod;test
org.graalvm.sdk,nativeimage,jar,,25.0.4.1,build-plugin;dev;prod;test
org.graalvm.sdk,word,jar,,25.0.4.1,build-plugin;dev;prod;test
org.hamcrest,hamcrest,jar,,2.2,test
org.hibernate.models,hibernate-models,jar,,1.1.2,dev;prod;test
org.hibernate.orm,hibernate-assistant,jar,,7.4.9.Final,dev;prod;test
org.hibernate.orm,hibernate-core,jar,,7.4.9.Final,dev;prod;test
org.hibernate.orm,hibernate-graalvm,jar,,7.4.9.Final,dev;prod;test
org.hibernate.orm,hibernate-jcache,jar,,7.4.9.Final,dev;prod;test
org.jboss,jboss-transaction-spi,jar,,8.0.0.Final,dev;prod;test
org.jboss.logging,commons-logging-jboss-logging,jar,,2.0.0.Final,build-plugin;dev;prod;test
org.jboss.logging,jboss-logging,jar,,3.6.3.Final,build-plugin;dev;prod;test
org.jboss.logmanager,jboss-logmanager,jar,,3.2.2.Final,build-plugin;dev;prod;test
org.jboss.narayana.jta,narayana-jta,jar,,7.3.4.Final,dev;prod;test
org.jboss.narayana.jts,narayana-jts-integration,jar,,7.3.4.Final,dev;prod;test
org.jboss.slf4j,slf4j-jboss-logmanager,jar,,2.0.2.Final,build-plugin;dev;prod;test
org.jboss.threads,jboss-threads,jar,,3.9.2,build-plugin;dev;prod;test
org.jctools,jctools-core,jar,,4.0.5,build-plugin;dev;prod;test
org.jdom,jdom2,jar,,2.0.6.1,build-plugin;dev
org.jetbrains,annotations,jar,,26.1.0,dev;prod;test
org.jspecify,jspecify,jar,,1.0.0,build-plugin;dev;prod;test
org.junit.jupiter,junit-jupiter,jar,,6.1.3,build-plugin;dev;prod;test
org.junit.jupiter,junit-jupiter-api,jar,,6.1.3,build-plugin;dev;prod;test
org.junit.jupiter,junit-jupiter-engine,jar,,6.1.3,build-plugin;dev;prod;test
org.junit.jupiter,junit-jupiter-params,jar,,6.1.3,build-plugin;dev;prod;test
org.junit.platform,junit-platform-commons,jar,,6.1.3,build-plugin;dev;prod;test
org.junit.platform,junit-platform-engine,jar,,6.1.3,build-plugin;dev;prod;test
org.junit.platform,junit-platform-launcher,jar,,6.1.3,build-plugin;dev;prod;test
org.mvnpm,argparse,jar,,2.0.1,dev
org.mvnpm,dompurify,jar,,3.4.11,dev
org.mvnpm,echarts,jar,,6.0.0,dev
org.mvnpm,entities,jar,,4.5.0,dev
org.mvnpm,es-module-shims,jar,,2.8.1,dev
org.mvnpm,flag-icons,jar,,7.5.0,dev
org.mvnpm,ldrs,jar,,1.1.9,dev
org.mvnpm,linkify-it,jar,,5.0.1,dev
org.mvnpm,lit,jar,,3.3.3,dev
org.mvnpm,lit-element,jar,,4.2.2,dev
org.mvnpm,lit-element-state,jar,,1.7.0,dev
org.mvnpm,lit-html,jar,,3.3.3,dev
org.mvnpm,markdown-it,jar,,14.2.0,dev
org.mvnpm,marked,jar,,17.0.5,dev
org.mvnpm,mdurl,jar,,2.0.0,dev
org.mvnpm,path-to-regexp,jar,,6.3.0,dev
org.mvnpm,punycode.js,jar,,2.3.1,dev
org.mvnpm,tagged-tag,jar,,1.0.0,dev
org.mvnpm,tslib,jar,,2.3.0,dev
org.mvnpm,type-fest,jar,,5.4.4,dev
org.mvnpm,uc.micro,jar,,2.1.0,dev
org.mvnpm,zrender,jar,,6.0.0,dev
org.mvnpm.at.lit,localize,jar,,0.12.2,dev
org.mvnpm.at.lit,reactive-element,jar,,2.1.2,dev
org.mvnpm.at.lit-labs,ssr-dom-shim,jar,,1.6.0,dev
org.mvnpm.at.mvnpm,codeblock,jar,,1.1.2,dev
org.mvnpm.at.mvnpm,qomponent,jar,,1.0.6,dev
org.mvnpm.at.mvnpm,vaadin-webcomponents,jar,,25.2.0,dev
org.mvnpm.at.open-wc,dedupe-mixin,jar,,1.4.0,dev
org.mvnpm.at.panzoom,panzoom,jar,,4.6.2,dev
org.mvnpm.at.polymer,polymer,jar,,3.5.2,dev
org.mvnpm.at.qomponent,qui-directory-tree,jar,,1.0.4,dev
org.mvnpm.at.qomponent,qui-dot,jar,,0.0.2,dev
org.mvnpm.at.types,trusted-types,jar,,2.0.7,dev
org.mvnpm.at.vaadin,router,jar,,2.0.1,dev
org.mvnpm.at.vaadin,vaadin-development-mode-detector,jar,,2.0.7,dev
org.mvnpm.at.vaadin,vaadin-usage-statistics,jar,,2.1.3,dev
org.mvnpm.at.viz-js,viz,jar,,3.27.0,dev
org.mvnpm.at.webcomponents,shadycss,jar,,1.11.2,dev
org.opentest4j,opentest4j,jar,,1.3.0,build-plugin;dev;prod;test
org.osgi,org.osgi.namespace.extender,jar,,1.0.1,dev;prod;test
org.osgi,org.osgi.service.component.annotations,jar,,1.5.1,dev;prod;test
org.osgi,org.osgi.util.function,jar,,1.0.0,dev;prod;test
org.osgi,org.osgi.util.promise,jar,,1.0.0,dev;prod;test
org.osgi,osgi.annotation,jar,,8.1.0,dev;prod;test
org.ow2.asm,asm,jar,,9.10.1,build-plugin;dev;prod;test
org.ow2.asm,asm,jar,,9.9.1,build-plugin
org.ow2.asm,asm-analysis,jar,,9.10.1,build-plugin;dev;prod;test
org.ow2.asm,asm-commons,jar,,9.10.1,build-plugin;dev;prod;test
org.ow2.asm,asm-tree,jar,,9.10.1,build-plugin;dev;prod;test
org.ow2.asm,asm-util,jar,,9.10.1,build-plugin;dev;prod;test
org.postgresql,postgresql,jar,,42.7.13,dev;prod;test
org.reactivestreams,reactive-streams,jar,,1.0.4,dev;prod;test
org.rnorth.duct-tape,duct-tape,jar,,1.0.8,dev;prod;test
org.slf4j,slf4j-api,jar,,1.7.36,build-plugin
org.slf4j,slf4j-api,jar,,2.0.18,build-plugin;dev;prod;test
org.sonatype.plexus,plexus-build-api,jar,,0.0.7,build-plugin
org.testcontainers,testcontainers,jar,,2.0.5,dev;prod;test
org.testcontainers,testcontainers-database-commons,jar,,2.0.5,dev;prod;test
org.testcontainers,testcontainers-jdbc,jar,,2.0.5,dev;prod;test
org.testcontainers,testcontainers-postgresql,jar,,2.0.5,dev;prod;test
org.twdata.maven,mojo-executor,jar,,2.4.0,build-plugin
org.wildfly.common,wildfly-common,jar,,2.0.1,build-plugin;dev;prod;test
org.yaml,snakeyaml,jar,,2.6,build-plugin;dev;prod;test
